fuel,co2_intensity,upstream_co2_intensity,nox_intensity,so2_intensity,ch4_intensity
Coal,0.09552000000000001,0,0.0013843,0.0039377,0.0000111
ResidualFuelOil,0.0788,0,0.001353,0.0032991,0.00003058
DistillateFuelOil,0.07315,0,0.00479277,0.0008169,0.000035991
NaturalGas,0.05306,0,0.000207,0.000002697,0.00000873
Uranium,0,0,0,0,0
BioSolid,0.09435,-0.09435,0.0050041,0.012977,0.0005509
