BuildLocalTD_index_1,BuildLocalTD_index_2,BuildLocalTD
North,2020,0.8357972544878566
North,2030,2.111932418162619
Central,2020,0.7238648363252379
Central,2030,2.111932418162619
South,2020,1.0596620908130947
South,2030,2.111932418162619
