PERIOD,SystemCostPerPeriod_NPV,SystemCostPerPeriod_Real,EnergyCostReal_per_MWh,SystemDemand_MWh
2020,81667861.4881721,11660438.76362577,8.31370329633901,1402556.52
2030,57873808.64084878,13459804.864039108,7.27704133918917,1849626.0
