PERIOD,Component,Component_type,AnnualCost_NPV,AnnualCost_Real
2020,TotalGenFixedCosts,annual,11213737.1286997,1601083.8623408424
2020,GenVariableOMCostsInTP,timepoint,1608195.1265803436,229616.16052806
2020,FuelCostsPerTP,timepoint,5682691.430378578,811367.8285320001
